id;code unit;unit_id;kode kegiatan;kegiatan;cost_type;name;kode
;11.11;Prodi Teknik Sipil (S1);1.01.01;Rapat koordinasi dgn dosen;Biaya Habis Pakai;Bahan habis pakai;650.1.1.01.01.1.11.11
;11.11;Prodi Teknik Sipil (S1);1.01.01;Rapat koordinasi dgn dosen;Honor;Honor/Upah;650.1.1.01.01.2.11.11
;11.11;Prodi Teknik Sipil (S1);1.01.01;Rapat koordinasi dgn dosen;Sewa;Sewa;650.1.1.01.01.3.11.11
;11.11;Prodi Teknik Sipil (S1);1.01.01;Rapat koordinasi dgn dosen;Outsource;Outsourcing;650.1.1.01.01.4.11.11
;11.11;Prodi Teknik Sipil (S1);1.01.01;Rapat koordinasi dgn dosen;Overhead;Overhead;650.1.1.01.01.5.11.11
;11.11;Prodi Teknik Sipil (S1);1.01.02;Ketersediaan rancangan pembelajaran;Biaya Habis Pakai;Bahan habis pakai;650.1.1.01.02.1.11.11
;11.11;Prodi Teknik Sipil (S1);1.01.02;Ketersediaan rancangan pembelajaran;Honor;Honor/Upah;650.1.1.01.02.2.11.11
;11.11;Prodi Teknik Sipil (S1);1.01.02;Ketersediaan rancangan pembelajaran;Sewa;Sewa;650.1.1.01.02.3.11.11
;11.11;Prodi Teknik Sipil (S1);1.01.02;Ketersediaan rancangan pembelajaran;Outsource;Outsourcing;650.1.1.01.02.4.11.11
;11.11;Prodi Teknik Sipil (S1);1.01.02;Ketersediaan rancangan pembelajaran;Overhead;Overhead;650.1.1.01.02.5.11.11
;11.11;Prodi Teknik Sipil (S1);1.01.03;Ketersediaan dosen;Biaya Habis Pakai;Bahan habis pakai;650.1.1.01.03.1.11.11
;11.11;Prodi Teknik Sipil (S1);1.01.03;Ketersediaan dosen;Honor;Honor/Upah;650.1.1.01.03.2.11.11
;11.11;Prodi Teknik Sipil (S1);1.01.03;Ketersediaan dosen;Sewa;Sewa;650.1.1.01.03.3.11.11
;11.11;Prodi Teknik Sipil (S1);1.01.03;Ketersediaan dosen;Outsource;Outsourcing;650.1.1.01.03.4.11.11
;11.11;Prodi Teknik Sipil (S1);1.01.03;Ketersediaan dosen;Overhead;Overhead;650.1.1.01.03.5.11.11
;11.11;Prodi Teknik Sipil (S1);1.01.04;Kualifikasi dosen;Biaya Habis Pakai;Bahan habis pakai;650.1.1.01.04.1.11.11
;11.11;Prodi Teknik Sipil (S1);1.01.04;Kualifikasi dosen;Honor;Honor/Upah;650.1.1.01.04.2.11.11
;11.11;Prodi Teknik Sipil (S1);1.01.04;Kualifikasi dosen;Sewa;Sewa;650.1.1.01.04.3.11.11
;11.11;Prodi Teknik Sipil (S1);1.01.04;Kualifikasi dosen;Outsource;Outsourcing;650.1.1.01.04.4.11.11
;11.11;Prodi Teknik Sipil (S1);1.01.04;Kualifikasi dosen;Overhead;Overhead;650.1.1.01.04.5.11.11
;11.11;Prodi Teknik Sipil (S1);1.01.05;Ketersediaan fasilitas kuliah;Biaya Habis Pakai;Bahan habis pakai;650.1.1.01.05.1.11.11
;11.11;Prodi Teknik Sipil (S1);1.01.05;Ketersediaan fasilitas kuliah;Honor;Honor/Upah;650.1.1.01.05.2.11.11
;11.11;Prodi Teknik Sipil (S1);1.01.05;Ketersediaan fasilitas kuliah;Sewa;Sewa;650.1.1.01.05.3.11.11
;11.11;Prodi Teknik Sipil (S1);1.01.05;Ketersediaan fasilitas kuliah;Outsource;Outsourcing;650.1.1.01.05.4.11.11
;11.11;Prodi Teknik Sipil (S1);1.01.05;Ketersediaan fasilitas kuliah;Overhead;Overhead;650.1.1.01.05.5.11.11
;11.11;Prodi Teknik Sipil (S1);1.01.06;Mata kuliah yg ditawarkan dan jumlah kelas;Biaya Habis Pakai;Bahan habis pakai;650.1.1.01.06.1.11.11
;11.11;Prodi Teknik Sipil (S1);1.01.06;Mata kuliah yg ditawarkan dan jumlah kelas;Honor;Honor/Upah;650.1.1.01.06.2.11.11
;11.11;Prodi Teknik Sipil (S1);1.01.06;Mata kuliah yg ditawarkan dan jumlah kelas;Sewa;Sewa;650.1.1.01.06.3.11.11
;11.11;Prodi Teknik Sipil (S1);1.01.06;Mata kuliah yg ditawarkan dan jumlah kelas;Outsource;Outsourcing;650.1.1.01.06.4.11.11
;11.11;Prodi Teknik Sipil (S1);1.01.06;Mata kuliah yg ditawarkan dan jumlah kelas;Overhead;Overhead;650.1.1.01.06.5.11.11
;11.11;Prodi Teknik Sipil (S1);1.01.07;Jadual kuliah;Biaya Habis Pakai;Bahan habis pakai;650.1.1.01.07.1.11.11
;11.11;Prodi Teknik Sipil (S1);1.01.07;Jadual kuliah;Honor;Honor/Upah;650.1.1.01.07.2.11.11
;11.11;Prodi Teknik Sipil (S1);1.01.07;Jadual kuliah;Sewa;Sewa;650.1.1.01.07.3.11.11
;11.11;Prodi Teknik Sipil (S1);1.01.07;Jadual kuliah;Outsource;Outsourcing;650.1.1.01.07.4.11.11
;11.11;Prodi Teknik Sipil (S1);1.01.07;Jadual kuliah;Overhead;Overhead;650.1.1.01.07.5.11.11
;11.11;Prodi Teknik Sipil (S1);1.01.08;Pengisian KRS oleh mhs;Biaya Habis Pakai;Bahan habis pakai;650.1.1.01.08.1.11.11
;11.11;Prodi Teknik Sipil (S1);1.01.08;Pengisian KRS oleh mhs;Honor;Honor/Upah;650.1.1.01.08.2.11.11
;11.11;Prodi Teknik Sipil (S1);1.01.08;Pengisian KRS oleh mhs;Sewa;Sewa;650.1.1.01.08.3.11.11
;11.11;Prodi Teknik Sipil (S1);1.01.08;Pengisian KRS oleh mhs;Outsource;Outsourcing;650.1.1.01.08.4.11.11
;11.11;Prodi Teknik Sipil (S1);1.01.08;Pengisian KRS oleh mhs;Overhead;Overhead;650.1.1.01.08.5.11.11
;11.11;Prodi Teknik Sipil (S1);1.01.09;Daftar peserta kelas & presensi/mhs/kuliah;Biaya Habis Pakai;Bahan habis pakai;650.1.1.01.09.1.11.11
;11.11;Prodi Teknik Sipil (S1);1.01.09;Daftar peserta kelas & presensi/mhs/kuliah;Honor;Honor/Upah;650.1.1.01.09.2.11.11
;11.11;Prodi Teknik Sipil (S1);1.01.09;Daftar peserta kelas & presensi/mhs/kuliah;Sewa;Sewa;650.1.1.01.09.3.11.11
;11.11;Prodi Teknik Sipil (S1);1.01.09;Daftar peserta kelas & presensi/mhs/kuliah;Outsource;Outsourcing;650.1.1.01.09.4.11.11
;11.11;Prodi Teknik Sipil (S1);1.01.09;Daftar peserta kelas & presensi/mhs/kuliah;Overhead;Overhead;650.1.1.01.09.5.11.11
;11.11;Prodi Teknik Sipil (S1);1.01.10;Daftar hadir dosen/mata kuliah;Biaya Habis Pakai;Bahan habis pakai;650.1.1.01.10.1.11.11
;11.11;Prodi Teknik Sipil (S1);1.01.10;Daftar hadir dosen/mata kuliah;Honor;Honor/Upah;650.1.1.01.10.2.11.11
;11.11;Prodi Teknik Sipil (S1);1.01.10;Daftar hadir dosen/mata kuliah;Sewa;Sewa;650.1.1.01.10.3.11.11
;11.11;Prodi Teknik Sipil (S1);1.01.10;Daftar hadir dosen/mata kuliah;Outsource;Outsourcing;650.1.1.01.10.4.11.11
;11.11;Prodi Teknik Sipil (S1);1.01.10;Daftar hadir dosen/mata kuliah;Overhead;Overhead;650.1.1.01.10.5.11.11
;11.11;Prodi Teknik Sipil (S1);1.02.01;Lembar penyetaraan;Biaya Habis Pakai;Bahan habis pakai;650.1.1.02.01.1.11.11
;11.11;Prodi Teknik Sipil (S1);1.02.01;Lembar penyetaraan;Honor;Honor/Upah;650.1.1.02.01.2.11.11
;11.11;Prodi Teknik Sipil (S1);1.02.01;Lembar penyetaraan;Sewa;Sewa;650.1.1.02.01.3.11.11
;11.11;Prodi Teknik Sipil (S1);1.02.01;Lembar penyetaraan;Outsource;Outsourcing;650.1.1.02.01.4.11.11
;11.11;Prodi Teknik Sipil (S1);1.02.01;Lembar penyetaraan;Overhead;Overhead;650.1.1.02.01.5.11.11
;11.11;Prodi Teknik Sipil (S1);1.02.02;Mahasiswa pindahan sudah mengisi KRS pada minggu ke satu;Biaya Habis Pakai;Bahan habis pakai;650.1.1.02.02.1.11.11
;11.11;Prodi Teknik Sipil (S1);1.02.02;Mahasiswa pindahan sudah mengisi KRS pada minggu ke satu;Honor;Honor/Upah;650.1.1.02.02.2.11.11
;11.11;Prodi Teknik Sipil (S1);1.02.02;Mahasiswa pindahan sudah mengisi KRS pada minggu ke satu;Sewa;Sewa;650.1.1.02.02.3.11.11
;11.11;Prodi Teknik Sipil (S1);1.02.02;Mahasiswa pindahan sudah mengisi KRS pada minggu ke satu;Outsource;Outsourcing;650.1.1.02.02.4.11.11
;11.11;Prodi Teknik Sipil (S1);1.02.02;Mahasiswa pindahan sudah mengisi KRS pada minggu ke satu;Overhead;Overhead;650.1.1.02.02.5.11.11
;11.11;Prodi Teknik Sipil (S1);1.02.03;Ketersediaan rancangan praktikum;Biaya Habis Pakai;Bahan habis pakai;650.1.1.02.03.1.11.11
;11.11;Prodi Teknik Sipil (S1);1.02.03;Ketersediaan rancangan praktikum;Honor;Honor/Upah;650.1.1.02.03.2.11.11
;11.11;Prodi Teknik Sipil (S1);1.02.03;Ketersediaan rancangan praktikum;Sewa;Sewa;650.1.1.02.03.3.11.11
;11.11;Prodi Teknik Sipil (S1);1.02.03;Ketersediaan rancangan praktikum;Outsource;Outsourcing;650.1.1.02.03.4.11.11
;11.11;Prodi Teknik Sipil (S1);1.02.03;Ketersediaan rancangan praktikum;Overhead;Overhead;650.1.1.02.03.5.11.11
;11.11;Prodi Teknik Sipil (S1);1.02.04;Jadwal praktikum;Biaya Habis Pakai;Bahan habis pakai;650.1.1.02.04.1.11.11
;11.11;Prodi Teknik Sipil (S1);1.02.04;Jadwal praktikum;Honor;Honor/Upah;650.1.1.02.04.2.11.11
;11.11;Prodi Teknik Sipil (S1);1.02.04;Jadwal praktikum;Sewa;Sewa;650.1.1.02.04.3.11.11
;11.11;Prodi Teknik Sipil (S1);1.02.04;Jadwal praktikum;Outsource;Outsourcing;650.1.1.02.04.4.11.11
;11.11;Prodi Teknik Sipil (S1);1.02.04;Jadwal praktikum;Overhead;Overhead;650.1.1.02.04.5.11.11
;11.11;Prodi Teknik Sipil (S1);1.02.05;Modul / alat praktikum;Biaya Habis Pakai;Bahan habis pakai;650.1.1.02.05.1.11.11
;11.11;Prodi Teknik Sipil (S1);1.02.05;Modul / alat praktikum;Honor;Honor/Upah;650.1.1.02.05.2.11.11
;11.11;Prodi Teknik Sipil (S1);1.02.05;Modul / alat praktikum;Sewa;Sewa;650.1.1.02.05.3.11.11
;11.11;Prodi Teknik Sipil (S1);1.02.05;Modul / alat praktikum;Outsource;Outsourcing;650.1.1.02.05.4.11.11
;11.11;Prodi Teknik Sipil (S1);1.02.05;Modul / alat praktikum;Overhead;Overhead;650.1.1.02.05.5.11.11
;11.11;Prodi Teknik Sipil (S1);1.02.06;Bahan habis pakai;Biaya Habis Pakai;Bahan habis pakai;650.1.1.02.06.1.11.11
;11.11;Prodi Teknik Sipil (S1);1.02.06;Bahan habis pakai;Honor;Honor/Upah;650.1.1.02.06.2.11.11
;11.11;Prodi Teknik Sipil (S1);1.02.06;Bahan habis pakai;Sewa;Sewa;650.1.1.02.06.3.11.11
;11.11;Prodi Teknik Sipil (S1);1.02.06;Bahan habis pakai;Outsource;Outsourcing;650.1.1.02.06.4.11.11
;11.11;Prodi Teknik Sipil (S1);1.02.06;Bahan habis pakai;Overhead;Overhead;650.1.1.02.06.5.11.11
;11.11;Prodi Teknik Sipil (S1);1.02.07;Dana praktikum;Biaya Habis Pakai;Bahan habis pakai;650.1.1.02.07.1.11.11
;11.11;Prodi Teknik Sipil (S1);1.02.07;Dana praktikum;Honor;Honor/Upah;650.1.1.02.07.2.11.11
;11.11;Prodi Teknik Sipil (S1);1.02.07;Dana praktikum;Sewa;Sewa;650.1.1.02.07.3.11.11
;11.11;Prodi Teknik Sipil (S1);1.02.07;Dana praktikum;Outsource;Outsourcing;650.1.1.02.07.4.11.11
;11.11;Prodi Teknik Sipil (S1);1.02.07;Dana praktikum;Overhead;Overhead;650.1.1.02.07.5.11.11
;11.11;Prodi Teknik Sipil (S1);1.03.01;Ketersediaan rancangan praktikum;Biaya Habis Pakai;Bahan habis pakai;650.1.1.03.01.1.11.11
;11.11;Prodi Teknik Sipil (S1);1.03.01;Ketersediaan rancangan praktikum;Honor;Honor/Upah;650.1.1.03.01.2.11.11
;11.11;Prodi Teknik Sipil (S1);1.03.01;Ketersediaan rancangan praktikum;Sewa;Sewa;650.1.1.03.01.3.11.11
;11.11;Prodi Teknik Sipil (S1);1.03.01;Ketersediaan rancangan praktikum;Outsource;Outsourcing;650.1.1.03.01.4.11.11
;11.11;Prodi Teknik Sipil (S1);1.03.01;Ketersediaan rancangan praktikum;Overhead;Overhead;650.1.1.03.01.5.11.11
;11.11;Prodi Teknik Sipil (S1);1.03.02;Jadual praktikum;Biaya Habis Pakai;Bahan habis pakai;650.1.1.03.02.1.11.11
;11.11;Prodi Teknik Sipil (S1);1.03.02;Jadual praktikum;Honor;Honor/Upah;650.1.1.03.02.2.11.11
;11.11;Prodi Teknik Sipil (S1);1.03.02;Jadual praktikum;Sewa;Sewa;650.1.1.03.02.3.11.11
;11.11;Prodi Teknik Sipil (S1);1.03.02;Jadual praktikum;Outsource;Outsourcing;650.1.1.03.02.4.11.11
;11.11;Prodi Teknik Sipil (S1);1.03.02;Jadual praktikum;Overhead;Overhead;650.1.1.03.02.5.11.11
;11.11;Prodi Teknik Sipil (S1);1.03.03;Modul/alat praktikum;Biaya Habis Pakai;Bahan habis pakai;650.1.1.03.03.1.11.11
;11.11;Prodi Teknik Sipil (S1);1.03.03;Modul/alat praktikum;Honor;Honor/Upah;650.1.1.03.03.2.11.11
;11.11;Prodi Teknik Sipil (S1);1.03.03;Modul/alat praktikum;Sewa;Sewa;650.1.1.03.03.3.11.11
;11.11;Prodi Teknik Sipil (S1);1.03.03;Modul/alat praktikum;Outsource;Outsourcing;650.1.1.03.03.4.11.11
;11.11;Prodi Teknik Sipil (S1);1.03.03;Modul/alat praktikum;Overhead;Overhead;650.1.1.03.03.5.11.11
;11.11;Prodi Teknik Sipil (S1);1.03.04;Bahan habis pakai;Biaya Habis Pakai;Bahan habis pakai;650.1.1.03.04.1.11.11
;11.11;Prodi Teknik Sipil (S1);1.03.04;Bahan habis pakai;Honor;Honor/Upah;650.1.1.03.04.2.11.11
;11.11;Prodi Teknik Sipil (S1);1.03.04;Bahan habis pakai;Sewa;Sewa;650.1.1.03.04.3.11.11
;11.11;Prodi Teknik Sipil (S1);1.03.04;Bahan habis pakai;Outsource;Outsourcing;650.1.1.03.04.4.11.11
;11.11;Prodi Teknik Sipil (S1);1.03.04;Bahan habis pakai;Overhead;Overhead;650.1.1.03.04.5.11.11
;11.11;Prodi Teknik Sipil (S1);1.03.05;Dana praktikum;Biaya Habis Pakai;Bahan habis pakai;650.1.1.03.05.1.11.11
;11.11;Prodi Teknik Sipil (S1);1.03.05;Dana praktikum;Honor;Honor/Upah;650.1.1.03.05.2.11.11
;11.11;Prodi Teknik Sipil (S1);1.03.05;Dana praktikum;Sewa;Sewa;650.1.1.03.05.3.11.11
;11.11;Prodi Teknik Sipil (S1);1.03.05;Dana praktikum;Outsource;Outsourcing;650.1.1.03.05.4.11.11
;11.11;Prodi Teknik Sipil (S1);1.03.05;Dana praktikum;Overhead;Overhead;650.1.1.03.05.5.11.11
;11.11;Prodi Teknik Sipil (S1);1.03.06;Daftar peserta praktikum;Biaya Habis Pakai;Bahan habis pakai;650.1.1.03.06.1.11.11
;11.11;Prodi Teknik Sipil (S1);1.03.06;Daftar peserta praktikum;Honor;Honor/Upah;650.1.1.03.06.2.11.11
;11.11;Prodi Teknik Sipil (S1);1.03.06;Daftar peserta praktikum;Sewa;Sewa;650.1.1.03.06.3.11.11
;11.11;Prodi Teknik Sipil (S1);1.03.06;Daftar peserta praktikum;Outsource;Outsourcing;650.1.1.03.06.4.11.11
;11.11;Prodi Teknik Sipil (S1);1.03.06;Daftar peserta praktikum;Overhead;Overhead;650.1.1.03.06.5.11.11
;11.11;Prodi Teknik Sipil (S1);1.03.07;Asisten/instruktur;Biaya Habis Pakai;Bahan habis pakai;650.1.1.03.07.1.11.11
;11.11;Prodi Teknik Sipil (S1);1.03.07;Asisten/instruktur;Honor;Honor/Upah;650.1.1.03.07.2.11.11
;11.11;Prodi Teknik Sipil (S1);1.03.07;Asisten/instruktur;Sewa;Sewa;650.1.1.03.07.3.11.11
;11.11;Prodi Teknik Sipil (S1);1.03.07;Asisten/instruktur;Outsource;Outsourcing;650.1.1.03.07.4.11.11
;11.11;Prodi Teknik Sipil (S1);1.03.07;Asisten/instruktur;Overhead;Overhead;650.1.1.03.07.5.11.11
;11.11;Prodi Teknik Sipil (S1);1.03.08;Penugasan asisten/instruktur;Biaya Habis Pakai;Bahan habis pakai;650.1.1.03.08.1.11.11
;11.11;Prodi Teknik Sipil (S1);1.03.08;Penugasan asisten/instruktur;Honor;Honor/Upah;650.1.1.03.08.2.11.11
;11.11;Prodi Teknik Sipil (S1);1.03.08;Penugasan asisten/instruktur;Sewa;Sewa;650.1.1.03.08.3.11.11
;11.11;Prodi Teknik Sipil (S1);1.03.08;Penugasan asisten/instruktur;Outsource;Outsourcing;650.1.1.03.08.4.11.11
;11.11;Prodi Teknik Sipil (S1);1.03.08;Penugasan asisten/instruktur;Overhead;Overhead;650.1.1.03.08.5.11.11
;11.11;Prodi Teknik Sipil (S1);1.03.09;Nilai akhir praktikum;Biaya Habis Pakai;Bahan habis pakai;650.1.1.03.09.1.11.11
;11.11;Prodi Teknik Sipil (S1);1.03.09;Nilai akhir praktikum;Honor;Honor/Upah;650.1.1.03.09.2.11.11
;11.11;Prodi Teknik Sipil (S1);1.03.09;Nilai akhir praktikum;Sewa;Sewa;650.1.1.03.09.3.11.11
;11.11;Prodi Teknik Sipil (S1);1.03.09;Nilai akhir praktikum;Outsource;Outsourcing;650.1.1.03.09.4.11.11
;11.11;Prodi Teknik Sipil (S1);1.03.09;Nilai akhir praktikum;Overhead;Overhead;650.1.1.03.09.5.11.11
;11.11;Prodi Teknik Sipil (S1);1.04.01;Jumlah kehadiran dosen;Biaya Habis Pakai;Bahan habis pakai;650.1.1.04.01.1.11.11
;11.11;Prodi Teknik Sipil (S1);1.04.01;Jumlah kehadiran dosen;Honor;Honor/Upah;650.1.1.04.01.2.11.11
;11.11;Prodi Teknik Sipil (S1);1.04.01;Jumlah kehadiran dosen;Sewa;Sewa;650.1.1.04.01.3.11.11
;11.11;Prodi Teknik Sipil (S1);1.04.01;Jumlah kehadiran dosen;Outsource;Outsourcing;650.1.1.04.01.4.11.11
;11.11;Prodi Teknik Sipil (S1);1.04.01;Jumlah kehadiran dosen;Overhead;Overhead;650.1.1.04.01.5.11.11
;11.11;Prodi Teknik Sipil (S1);1.04.02;Presensi mhs;Biaya Habis Pakai;Bahan habis pakai;650.1.1.04.02.1.11.11
;11.11;Prodi Teknik Sipil (S1);1.04.02;Presensi mhs;Honor;Honor/Upah;650.1.1.04.02.2.11.11
;11.11;Prodi Teknik Sipil (S1);1.04.02;Presensi mhs;Sewa;Sewa;650.1.1.04.02.3.11.11
;11.11;Prodi Teknik Sipil (S1);1.04.02;Presensi mhs;Outsource;Outsourcing;650.1.1.04.02.4.11.11
;11.11;Prodi Teknik Sipil (S1);1.04.02;Presensi mhs;Overhead;Overhead;650.1.1.04.02.5.11.11
;11.11;Prodi Teknik Sipil (S1);1.04.03;Mahasiswa pindahan/melanjutkan;Biaya Habis Pakai;Bahan habis pakai;650.1.1.04.03.1.11.11
;11.11;Prodi Teknik Sipil (S1);1.04.03;Mahasiswa pindahan/melanjutkan;Honor;Honor/Upah;650.1.1.04.03.2.11.11
;11.11;Prodi Teknik Sipil (S1);1.04.03;Mahasiswa pindahan/melanjutkan;Sewa;Sewa;650.1.1.04.03.3.11.11
;11.11;Prodi Teknik Sipil (S1);1.04.03;Mahasiswa pindahan/melanjutkan;Outsource;Outsourcing;650.1.1.04.03.4.11.11
;11.11;Prodi Teknik Sipil (S1);1.04.03;Mahasiswa pindahan/melanjutkan;Overhead;Overhead;650.1.1.04.03.5.11.11
;11.11;Prodi Teknik Sipil (S1);1.05.01;Jumlah kehadiran asisten/instruktur;Biaya Habis Pakai;Bahan habis pakai;650.1.1.05.01.1.11.11
;11.11;Prodi Teknik Sipil (S1);1.05.01;Jumlah kehadiran asisten/instruktur;Honor;Honor/Upah;650.1.1.05.01.2.11.11
;11.11;Prodi Teknik Sipil (S1);1.05.01;Jumlah kehadiran asisten/instruktur;Sewa;Sewa;650.1.1.05.01.3.11.11
;11.11;Prodi Teknik Sipil (S1);1.05.01;Jumlah kehadiran asisten/instruktur;Outsource;Outsourcing;650.1.1.05.01.4.11.11
;11.11;Prodi Teknik Sipil (S1);1.05.01;Jumlah kehadiran asisten/instruktur;Overhead;Overhead;650.1.1.05.01.5.11.11
;11.11;Prodi Teknik Sipil (S1);1.05.02;Presensi mhs peserta praktikum;Biaya Habis Pakai;Bahan habis pakai;650.1.1.05.02.1.11.11
;11.11;Prodi Teknik Sipil (S1);1.05.02;Presensi mhs peserta praktikum;Honor;Honor/Upah;650.1.1.05.02.2.11.11
;11.11;Prodi Teknik Sipil (S1);1.05.02;Presensi mhs peserta praktikum;Sewa;Sewa;650.1.1.05.02.3.11.11
;11.11;Prodi Teknik Sipil (S1);1.05.02;Presensi mhs peserta praktikum;Outsource;Outsourcing;650.1.1.05.02.4.11.11
;11.11;Prodi Teknik Sipil (S1);1.05.02;Presensi mhs peserta praktikum;Overhead;Overhead;650.1.1.05.02.5.11.11
;11.11;Prodi Teknik Sipil (S1);1.06.01;Tersediaan sarana & prasarana ujian;Biaya Habis Pakai;Bahan habis pakai;650.1.1.06.01.1.11.11
;11.11;Prodi Teknik Sipil (S1);1.06.01;Tersediaan sarana & prasarana ujian;Honor;Honor/Upah;650.1.1.06.01.2.11.11
;11.11;Prodi Teknik Sipil (S1);1.06.01;Tersediaan sarana & prasarana ujian;Sewa;Sewa;650.1.1.06.01.3.11.11
;11.11;Prodi Teknik Sipil (S1);1.06.01;Tersediaan sarana & prasarana ujian;Outsource;Outsourcing;650.1.1.06.01.4.11.11
;11.11;Prodi Teknik Sipil (S1);1.06.01;Tersediaan sarana & prasarana ujian;Overhead;Overhead;650.1.1.06.01.5.11.11
;11.11;Prodi Teknik Sipil (S1);1.06.02;Jadual ujian;Biaya Habis Pakai;Bahan habis pakai;650.1.1.06.02.1.11.11
;11.11;Prodi Teknik Sipil (S1);1.06.02;Jadual ujian;Honor;Honor/Upah;650.1.1.06.02.2.11.11
;11.11;Prodi Teknik Sipil (S1);1.06.02;Jadual ujian;Sewa;Sewa;650.1.1.06.02.3.11.11
;11.11;Prodi Teknik Sipil (S1);1.06.02;Jadual ujian;Outsource;Outsourcing;650.1.1.06.02.4.11.11
;11.11;Prodi Teknik Sipil (S1);1.06.02;Jadual ujian;Overhead;Overhead;650.1.1.06.02.5.11.11
;11.11;Prodi Teknik Sipil (S1);1.06.03;KPU;Biaya Habis Pakai;Bahan habis pakai;650.1.1.06.03.1.11.11
;11.11;Prodi Teknik Sipil (S1);1.06.03;KPU;Honor;Honor/Upah;650.1.1.06.03.2.11.11
;11.11;Prodi Teknik Sipil (S1);1.06.03;KPU;Sewa;Sewa;650.1.1.06.03.3.11.11
;11.11;Prodi Teknik Sipil (S1);1.06.03;KPU;Outsource;Outsourcing;650.1.1.06.03.4.11.11
;11.11;Prodi Teknik Sipil (S1);1.06.03;KPU;Overhead;Overhead;650.1.1.06.03.5.11.11
;11.11;Prodi Teknik Sipil (S1);1.06.04;Naskah ujian & lembar jawab;Biaya Habis Pakai;Bahan habis pakai;650.1.1.06.04.1.11.11
;11.11;Prodi Teknik Sipil (S1);1.06.04;Naskah ujian & lembar jawab;Honor;Honor/Upah;650.1.1.06.04.2.11.11
;11.11;Prodi Teknik Sipil (S1);1.06.04;Naskah ujian & lembar jawab;Sewa;Sewa;650.1.1.06.04.3.11.11
;11.11;Prodi Teknik Sipil (S1);1.06.04;Naskah ujian & lembar jawab;Outsource;Outsourcing;650.1.1.06.04.4.11.11
;11.11;Prodi Teknik Sipil (S1);1.06.04;Naskah ujian & lembar jawab;Overhead;Overhead;650.1.1.06.04.5.11.11
;11.11;Prodi Teknik Sipil (S1);1.06.05;Daftar hadir & daftar nilai peserta ujian;Biaya Habis Pakai;Bahan habis pakai;650.1.1.06.05.1.11.11
;11.11;Prodi Teknik Sipil (S1);1.06.05;Daftar hadir & daftar nilai peserta ujian;Honor;Honor/Upah;650.1.1.06.05.2.11.11
;11.11;Prodi Teknik Sipil (S1);1.06.05;Daftar hadir & daftar nilai peserta ujian;Sewa;Sewa;650.1.1.06.05.3.11.11
;11.11;Prodi Teknik Sipil (S1);1.06.05;Daftar hadir & daftar nilai peserta ujian;Outsource;Outsourcing;650.1.1.06.05.4.11.11
;11.11;Prodi Teknik Sipil (S1);1.06.05;Daftar hadir & daftar nilai peserta ujian;Overhead;Overhead;650.1.1.06.05.5.11.11
;11.11;Prodi Teknik Sipil (S1);1.06.06;Nilai akhir;Biaya Habis Pakai;Bahan habis pakai;650.1.1.06.06.1.11.11
;11.11;Prodi Teknik Sipil (S1);1.06.06;Nilai akhir;Honor;Honor/Upah;650.1.1.06.06.2.11.11
;11.11;Prodi Teknik Sipil (S1);1.06.06;Nilai akhir;Sewa;Sewa;650.1.1.06.06.3.11.11
;11.11;Prodi Teknik Sipil (S1);1.06.06;Nilai akhir;Outsource;Outsourcing;650.1.1.06.06.4.11.11
;11.11;Prodi Teknik Sipil (S1);1.06.06;Nilai akhir;Overhead;Overhead;650.1.1.06.06.5.11.11
;11.11;Prodi Teknik Sipil (S1);1.06.07;Vakasi ujian;Biaya Habis Pakai;Bahan habis pakai;650.1.1.06.07.1.11.11
;11.11;Prodi Teknik Sipil (S1);1.06.07;Vakasi ujian;Honor;Honor/Upah;650.1.1.06.07.2.11.11
;11.11;Prodi Teknik Sipil (S1);1.06.07;Vakasi ujian;Sewa;Sewa;650.1.1.06.07.3.11.11
;11.11;Prodi Teknik Sipil (S1);1.06.07;Vakasi ujian;Outsource;Outsourcing;650.1.1.06.07.4.11.11
;11.11;Prodi Teknik Sipil (S1);1.06.07;Vakasi ujian;Overhead;Overhead;650.1.1.06.07.5.11.11
;11.11;Prodi Teknik Sipil (S1);1.07.01;Tersediaan sarana & prasarana ujian;Biaya Habis Pakai;Bahan habis pakai;650.1.1.07.01.1.11.11
;11.11;Prodi Teknik Sipil (S1);1.07.01;Tersediaan sarana & prasarana ujian;Honor;Honor/Upah;650.1.1.07.01.2.11.11
;11.11;Prodi Teknik Sipil (S1);1.07.01;Tersediaan sarana & prasarana ujian;Sewa;Sewa;650.1.1.07.01.3.11.11
;11.11;Prodi Teknik Sipil (S1);1.07.01;Tersediaan sarana & prasarana ujian;Outsource;Outsourcing;650.1.1.07.01.4.11.11
;11.11;Prodi Teknik Sipil (S1);1.07.01;Tersediaan sarana & prasarana ujian;Overhead;Overhead;650.1.1.07.01.5.11.11
;11.11;Prodi Teknik Sipil (S1);1.07.02;Jadual ujian;Biaya Habis Pakai;Bahan habis pakai;650.1.1.07.02.1.11.11
;11.11;Prodi Teknik Sipil (S1);1.07.02;Jadual ujian;Honor;Honor/Upah;650.1.1.07.02.2.11.11
;11.11;Prodi Teknik Sipil (S1);1.07.02;Jadual ujian;Sewa;Sewa;650.1.1.07.02.3.11.11
;11.11;Prodi Teknik Sipil (S1);1.07.02;Jadual ujian;Outsource;Outsourcing;650.1.1.07.02.4.11.11
;11.11;Prodi Teknik Sipil (S1);1.07.02;Jadual ujian;Overhead;Overhead;650.1.1.07.02.5.11.11
;11.11;Prodi Teknik Sipil (S1);1.07.03;KPU;Biaya Habis Pakai;Bahan habis pakai;650.1.1.07.03.1.11.11
;11.11;Prodi Teknik Sipil (S1);1.07.03;KPU;Honor;Honor/Upah;650.1.1.07.03.2.11.11
;11.11;Prodi Teknik Sipil (S1);1.07.03;KPU;Sewa;Sewa;650.1.1.07.03.3.11.11
;11.11;Prodi Teknik Sipil (S1);1.07.03;KPU;Outsource;Outsourcing;650.1.1.07.03.4.11.11
;11.11;Prodi Teknik Sipil (S1);1.07.03;KPU;Overhead;Overhead;650.1.1.07.03.5.11.11
;11.11;Prodi Teknik Sipil (S1);1.07.04;Naskah ujian & lembar jawab;Biaya Habis Pakai;Bahan habis pakai;650.1.1.07.04.1.11.11
;11.11;Prodi Teknik Sipil (S1);1.07.04;Naskah ujian & lembar jawab;Honor;Honor/Upah;650.1.1.07.04.2.11.11
;11.11;Prodi Teknik Sipil (S1);1.07.04;Naskah ujian & lembar jawab;Sewa;Sewa;650.1.1.07.04.3.11.11
;11.11;Prodi Teknik Sipil (S1);1.07.04;Naskah ujian & lembar jawab;Outsource;Outsourcing;650.1.1.07.04.4.11.11
;11.11;Prodi Teknik Sipil (S1);1.07.04;Naskah ujian & lembar jawab;Overhead;Overhead;650.1.1.07.04.5.11.11
;11.11;Prodi Teknik Sipil (S1);1.07.05;Daftar hadir & daftar nilai peserta ujian;Biaya Habis Pakai;Bahan habis pakai;650.1.1.07.05.1.11.11
;11.11;Prodi Teknik Sipil (S1);1.07.05;Daftar hadir & daftar nilai peserta ujian;Honor;Honor/Upah;650.1.1.07.05.2.11.11
;11.11;Prodi Teknik Sipil (S1);1.07.05;Daftar hadir & daftar nilai peserta ujian;Sewa;Sewa;650.1.1.07.05.3.11.11
;11.11;Prodi Teknik Sipil (S1);1.07.05;Daftar hadir & daftar nilai peserta ujian;Outsource;Outsourcing;650.1.1.07.05.4.11.11
;11.11;Prodi Teknik Sipil (S1);1.07.05;Daftar hadir & daftar nilai peserta ujian;Overhead;Overhead;650.1.1.07.05.5.11.11
;11.11;Prodi Teknik Sipil (S1);1.07.06;Nilai akhir;Biaya Habis Pakai;Bahan habis pakai;650.1.1.07.06.1.11.11
;11.11;Prodi Teknik Sipil (S1);1.07.06;Nilai akhir;Honor;Honor/Upah;650.1.1.07.06.2.11.11
;11.11;Prodi Teknik Sipil (S1);1.07.06;Nilai akhir;Sewa;Sewa;650.1.1.07.06.3.11.11
;11.11;Prodi Teknik Sipil (S1);1.07.06;Nilai akhir;Outsource;Outsourcing;650.1.1.07.06.4.11.11
;11.11;Prodi Teknik Sipil (S1);1.07.06;Nilai akhir;Overhead;Overhead;650.1.1.07.06.5.11.11
;11.11;Prodi Teknik Sipil (S1);1.07.07;Vakasi ujian;Biaya Habis Pakai;Bahan habis pakai;650.1.1.07.07.1.11.11
;11.11;Prodi Teknik Sipil (S1);1.07.07;Vakasi ujian;Honor;Honor/Upah;650.1.1.07.07.2.11.11
;11.11;Prodi Teknik Sipil (S1);1.07.07;Vakasi ujian;Sewa;Sewa;650.1.1.07.07.3.11.11
;11.11;Prodi Teknik Sipil (S1);1.07.07;Vakasi ujian;Outsource;Outsourcing;650.1.1.07.07.4.11.11
;11.11;Prodi Teknik Sipil (S1);1.07.07;Vakasi ujian;Overhead;Overhead;650.1.1.07.07.5.11.11
;11.11;Prodi Teknik Sipil (S1);1.08.01;Tersedia perush tempat mhs praktek;Biaya Habis Pakai;Bahan habis pakai;650.1.1.08.01.1.11.11
;11.11;Prodi Teknik Sipil (S1);1.08.01;Tersedia perush tempat mhs praktek;Honor;Honor/Upah;650.1.1.08.01.2.11.11
;11.11;Prodi Teknik Sipil (S1);1.08.01;Tersedia perush tempat mhs praktek;Sewa;Sewa;650.1.1.08.01.3.11.11
;11.11;Prodi Teknik Sipil (S1);1.08.01;Tersedia perush tempat mhs praktek;Outsource;Outsourcing;650.1.1.08.01.4.11.11
;11.11;Prodi Teknik Sipil (S1);1.08.01;Tersedia perush tempat mhs praktek;Overhead;Overhead;650.1.1.08.01.5.11.11
;11.11;Prodi Teknik Sipil (S1);1.09.01;Jumlah IPK/IPS <2;Biaya Habis Pakai;Bahan habis pakai;650.1.1.09.01.1.11.11
;11.11;Prodi Teknik Sipil (S1);1.09.01;Jumlah IPK/IPS <2;Honor;Honor/Upah;650.1.1.09.01.2.11.11
;11.11;Prodi Teknik Sipil (S1);1.09.01;Jumlah IPK/IPS <2;Sewa;Sewa;650.1.1.09.01.3.11.11
;11.11;Prodi Teknik Sipil (S1);1.09.01;Jumlah IPK/IPS <2;Outsource;Outsourcing;650.1.1.09.01.4.11.11
;11.11;Prodi Teknik Sipil (S1);1.09.01;Jumlah IPK/IPS <2;Overhead;Overhead;650.1.1.09.01.5.11.11
;11.11;Prodi Teknik Sipil (S1);1.09.02;Jumlah IPK/IPS 2,02,5;Biaya Habis Pakai;Bahan habis pakai;650.1.1.09.02.1.11.11
;11.11;Prodi Teknik Sipil (S1);1.09.02;Jumlah IPK/IPS 2,02,5;Honor;Honor/Upah;650.1.1.09.02.2.11.11
;11.11;Prodi Teknik Sipil (S1);1.09.02;Jumlah IPK/IPS 2,02,5;Sewa;Sewa;650.1.1.09.02.3.11.11
;11.11;Prodi Teknik Sipil (S1);1.09.02;Jumlah IPK/IPS 2,02,5;Outsource;Outsourcing;650.1.1.09.02.4.11.11
;11.11;Prodi Teknik Sipil (S1);1.09.02;Jumlah IPK/IPS 2,02,5;Overhead;Overhead;650.1.1.09.02.5.11.11
;11.11;Prodi Teknik Sipil (S1);1.09.03;Jumlah IPK/IPS 2,53,0;Biaya Habis Pakai;Bahan habis pakai;650.1.1.09.03.1.11.11
;11.11;Prodi Teknik Sipil (S1);1.09.03;Jumlah IPK/IPS 2,53,0;Honor;Honor/Upah;650.1.1.09.03.2.11.11
;11.11;Prodi Teknik Sipil (S1);1.09.03;Jumlah IPK/IPS 2,53,0;Sewa;Sewa;650.1.1.09.03.3.11.11
;11.11;Prodi Teknik Sipil (S1);1.09.03;Jumlah IPK/IPS 2,53,0;Outsource;Outsourcing;650.1.1.09.03.4.11.11
;11.11;Prodi Teknik Sipil (S1);1.09.03;Jumlah IPK/IPS 2,53,0;Overhead;Overhead;650.1.1.09.03.5.11.11
;11.11;Prodi Teknik Sipil (S1);1.09.04;Jumlah IPK/IPS 3,04,0;Biaya Habis Pakai;Bahan habis pakai;650.1.1.09.04.1.11.11
;11.11;Prodi Teknik Sipil (S1);1.09.04;Jumlah IPK/IPS 3,04,0;Honor;Honor/Upah;650.1.1.09.04.2.11.11
;11.11;Prodi Teknik Sipil (S1);1.09.04;Jumlah IPK/IPS 3,04,0;Sewa;Sewa;650.1.1.09.04.3.11.11
;11.11;Prodi Teknik Sipil (S1);1.09.04;Jumlah IPK/IPS 3,04,0;Outsource;Outsourcing;650.1.1.09.04.4.11.11
;11.11;Prodi Teknik Sipil (S1);1.09.04;Jumlah IPK/IPS 3,04,0;Overhead;Overhead;650.1.1.09.04.5.11.11
;11.11;Prodi Teknik Sipil (S1);1.09.05;Segmentasi status akademik mhs berdasar perolehan SKS;Biaya Habis Pakai;Bahan habis pakai;650.1.1.09.05.1.11.11
;11.11;Prodi Teknik Sipil (S1);1.09.05;Segmentasi status akademik mhs berdasar perolehan SKS;Honor;Honor/Upah;650.1.1.09.05.2.11.11
;11.11;Prodi Teknik Sipil (S1);1.09.05;Segmentasi status akademik mhs berdasar perolehan SKS;Sewa;Sewa;650.1.1.09.05.3.11.11
;11.11;Prodi Teknik Sipil (S1);1.09.05;Segmentasi status akademik mhs berdasar perolehan SKS;Outsource;Outsourcing;650.1.1.09.05.4.11.11
;11.11;Prodi Teknik Sipil (S1);1.09.05;Segmentasi status akademik mhs berdasar perolehan SKS;Overhead;Overhead;650.1.1.09.05.5.11.11
;11.11;Prodi Teknik Sipil (S1);1.10.01;Ketepatan waktu mulai;Biaya Habis Pakai;Bahan habis pakai;650.1.1.10.01.1.11.11
;11.11;Prodi Teknik Sipil (S1);1.10.01;Ketepatan waktu mulai;Honor;Honor/Upah;650.1.1.10.01.2.11.11
;11.11;Prodi Teknik Sipil (S1);1.10.01;Ketepatan waktu mulai;Sewa;Sewa;650.1.1.10.01.3.11.11
;11.11;Prodi Teknik Sipil (S1);1.10.01;Ketepatan waktu mulai;Outsource;Outsourcing;650.1.1.10.01.4.11.11
;11.11;Prodi Teknik Sipil (S1);1.10.01;Ketepatan waktu mulai;Overhead;Overhead;650.1.1.10.01.5.11.11
;11.11;Prodi Teknik Sipil (S1);1.10.02;Ketepatan waktu selesai;Biaya Habis Pakai;Bahan habis pakai;650.1.1.10.02.1.11.11
;11.11;Prodi Teknik Sipil (S1);1.10.02;Ketepatan waktu selesai;Honor;Honor/Upah;650.1.1.10.02.2.11.11
;11.11;Prodi Teknik Sipil (S1);1.10.02;Ketepatan waktu selesai;Sewa;Sewa;650.1.1.10.02.3.11.11
;11.11;Prodi Teknik Sipil (S1);1.10.02;Ketepatan waktu selesai;Outsource;Outsourcing;650.1.1.10.02.4.11.11
;11.11;Prodi Teknik Sipil (S1);1.10.02;Ketepatan waktu selesai;Overhead;Overhead;650.1.1.10.02.5.11.11
;11.11;Prodi Teknik Sipil (S1);1.11.01;Jadual ujian skripsi;Biaya Habis Pakai;Bahan habis pakai;650.1.1.11.01.1.11.11
;11.11;Prodi Teknik Sipil (S1);1.11.01;Jadual ujian skripsi;Honor;Honor/Upah;650.1.1.11.01.2.11.11
;11.11;Prodi Teknik Sipil (S1);1.11.01;Jadual ujian skripsi;Sewa;Sewa;650.1.1.11.01.3.11.11
;11.11;Prodi Teknik Sipil (S1);1.11.01;Jadual ujian skripsi;Outsource;Outsourcing;650.1.1.11.01.4.11.11
;11.11;Prodi Teknik Sipil (S1);1.11.01;Jadual ujian skripsi;Overhead;Overhead;650.1.1.11.01.5.11.11
;11.11;Prodi Teknik Sipil (S1);1.11.02;Kehadiran pembimbing & penguji;Biaya Habis Pakai;Bahan habis pakai;650.1.1.11.02.1.11.11
;11.11;Prodi Teknik Sipil (S1);1.11.02;Kehadiran pembimbing & penguji;Honor;Honor/Upah;650.1.1.11.02.2.11.11
;11.11;Prodi Teknik Sipil (S1);1.11.02;Kehadiran pembimbing & penguji;Sewa;Sewa;650.1.1.11.02.3.11.11
;11.11;Prodi Teknik Sipil (S1);1.11.02;Kehadiran pembimbing & penguji;Outsource;Outsourcing;650.1.1.11.02.4.11.11
;11.11;Prodi Teknik Sipil (S1);1.11.02;Kehadiran pembimbing & penguji;Overhead;Overhead;650.1.1.11.02.5.11.11
;11.11;Prodi Teknik Sipil (S1);1.11.03;Jumlah mhs yg lulus;Biaya Habis Pakai;Bahan habis pakai;650.1.1.11.03.1.11.11
;11.11;Prodi Teknik Sipil (S1);1.11.03;Jumlah mhs yg lulus;Honor;Honor/Upah;650.1.1.11.03.2.11.11
;11.11;Prodi Teknik Sipil (S1);1.11.03;Jumlah mhs yg lulus;Sewa;Sewa;650.1.1.11.03.3.11.11
;11.11;Prodi Teknik Sipil (S1);1.11.03;Jumlah mhs yg lulus;Outsource;Outsourcing;650.1.1.11.03.4.11.11
;11.11;Prodi Teknik Sipil (S1);1.11.03;Jumlah mhs yg lulus;Overhead;Overhead;650.1.1.11.03.5.11.11
;11.11;Prodi Teknik Sipil (S1);2.01.01;Persiapan draft RIP & study banding;Biaya Habis Pakai;Bahan habis pakai;650.1.2.01.01.1.11.11
;11.11;Prodi Teknik Sipil (S1);2.01.01;Persiapan draft RIP & study banding;Honor;Honor/Upah;650.1.2.01.01.2.11.11
;11.11;Prodi Teknik Sipil (S1);2.01.01;Persiapan draft RIP & study banding;Sewa;Sewa;650.1.2.01.01.3.11.11
;11.11;Prodi Teknik Sipil (S1);2.01.01;Persiapan draft RIP & study banding;Outsource;Outsourcing;650.1.2.01.01.4.11.11
;11.11;Prodi Teknik Sipil (S1);2.01.01;Persiapan draft RIP & study banding;Overhead;Overhead;650.1.2.01.01.5.11.11
;11.11;Prodi Teknik Sipil (S1);2.01.02;Pengumpulan data dari unit terkait;Biaya Habis Pakai;Bahan habis pakai;650.1.2.01.02.1.11.11
;11.11;Prodi Teknik Sipil (S1);2.01.02;Pengumpulan data dari unit terkait;Honor;Honor/Upah;650.1.2.01.02.2.11.11
;11.11;Prodi Teknik Sipil (S1);2.01.02;Pengumpulan data dari unit terkait;Sewa;Sewa;650.1.2.01.02.3.11.11
;11.11;Prodi Teknik Sipil (S1);2.01.02;Pengumpulan data dari unit terkait;Outsource;Outsourcing;650.1.2.01.02.4.11.11
;11.11;Prodi Teknik Sipil (S1);2.01.02;Pengumpulan data dari unit terkait;Overhead;Overhead;650.1.2.01.02.5.11.11
;11.11;Prodi Teknik Sipil (S1);2.01.03;Rapat pendahuluan SC & OC;Biaya Habis Pakai;Bahan habis pakai;650.1.2.01.03.1.11.11
;11.11;Prodi Teknik Sipil (S1);2.01.03;Rapat pendahuluan SC & OC;Honor;Honor/Upah;650.1.2.01.03.2.11.11
;11.11;Prodi Teknik Sipil (S1);2.01.03;Rapat pendahuluan SC & OC;Sewa;Sewa;650.1.2.01.03.3.11.11
;11.11;Prodi Teknik Sipil (S1);2.01.03;Rapat pendahuluan SC & OC;Outsource;Outsourcing;650.1.2.01.03.4.11.11
;11.11;Prodi Teknik Sipil (S1);2.01.03;Rapat pendahuluan SC & OC;Overhead;Overhead;650.1.2.01.03.5.11.11
;11.11;Prodi Teknik Sipil (S1);2.01.04;Raker penyususnan RIP, Panduan dan SOP;Biaya Habis Pakai;Bahan habis pakai;650.1.2.01.04.1.11.11
;11.11;Prodi Teknik Sipil (S1);2.01.04;Raker penyususnan RIP, Panduan dan SOP;Honor;Honor/Upah;650.1.2.01.04.2.11.11
;11.11;Prodi Teknik Sipil (S1);2.01.04;Raker penyususnan RIP, Panduan dan SOP;Sewa;Sewa;650.1.2.01.04.3.11.11
;11.11;Prodi Teknik Sipil (S1);2.01.04;Raker penyususnan RIP, Panduan dan SOP;Outsource;Outsourcing;650.1.2.01.04.4.11.11
;11.11;Prodi Teknik Sipil (S1);2.01.04;Raker penyususnan RIP, Panduan dan SOP;Overhead;Overhead;650.1.2.01.04.5.11.11
;11.11;Prodi Teknik Sipil (S1);2.02.01;Penyusunan panduan penelitian sesuai panduan Dikti;Biaya Habis Pakai;Bahan habis pakai;650.1.2.02.01.1.11.11
;11.11;Prodi Teknik Sipil (S1);2.02.01;Penyusunan panduan penelitian sesuai panduan Dikti;Honor;Honor/Upah;650.1.2.02.01.2.11.11
;11.11;Prodi Teknik Sipil (S1);2.02.01;Penyusunan panduan penelitian sesuai panduan Dikti;Sewa;Sewa;650.1.2.02.01.3.11.11
;11.11;Prodi Teknik Sipil (S1);2.02.01;Penyusunan panduan penelitian sesuai panduan Dikti;Outsource;Outsourcing;650.1.2.02.01.4.11.11
;11.11;Prodi Teknik Sipil (S1);2.02.01;Penyusunan panduan penelitian sesuai panduan Dikti;Overhead;Overhead;650.1.2.02.01.5.11.11
;11.11;Prodi Teknik Sipil (S1);2.02.02;Rapat koordinasi;Biaya Habis Pakai;Bahan habis pakai;650.1.2.02.02.1.11.11
;11.11;Prodi Teknik Sipil (S1);2.02.02;Rapat koordinasi;Honor;Honor/Upah;650.1.2.02.02.2.11.11
;11.11;Prodi Teknik Sipil (S1);2.02.02;Rapat koordinasi;Sewa;Sewa;650.1.2.02.02.3.11.11
;11.11;Prodi Teknik Sipil (S1);2.02.02;Rapat koordinasi;Outsource;Outsourcing;650.1.2.02.02.4.11.11
;11.11;Prodi Teknik Sipil (S1);2.02.02;Rapat koordinasi;Overhead;Overhead;650.1.2.02.02.5.11.11
;11.11;Prodi Teknik Sipil (S1);2.02.03;Sosialisasi program PP;Biaya Habis Pakai;Bahan habis pakai;650.1.2.02.03.1.11.11
;11.11;Prodi Teknik Sipil (S1);2.02.03;Sosialisasi program PP;Honor;Honor/Upah;650.1.2.02.03.2.11.11
;11.11;Prodi Teknik Sipil (S1);2.02.03;Sosialisasi program PP;Sewa;Sewa;650.1.2.02.03.3.11.11
;11.11;Prodi Teknik Sipil (S1);2.02.03;Sosialisasi program PP;Outsource;Outsourcing;650.1.2.02.03.4.11.11
;11.11;Prodi Teknik Sipil (S1);2.02.03;Sosialisasi program PP;Overhead;Overhead;650.1.2.02.03.5.11.11
;11.11;Prodi Teknik Sipil (S1);2.02.04;Penyusunan Company Profile;Biaya Habis Pakai;Bahan habis pakai;650.1.2.02.04.1.11.11
;11.11;Prodi Teknik Sipil (S1);2.02.04;Penyusunan Company Profile;Honor;Honor/Upah;650.1.2.02.04.2.11.11
;11.11;Prodi Teknik Sipil (S1);2.02.04;Penyusunan Company Profile;Sewa;Sewa;650.1.2.02.04.3.11.11
;11.11;Prodi Teknik Sipil (S1);2.02.04;Penyusunan Company Profile;Outsource;Outsourcing;650.1.2.02.04.4.11.11
;11.11;Prodi Teknik Sipil (S1);2.02.04;Penyusunan Company Profile;Overhead;Overhead;650.1.2.02.04.5.11.11
;11.11;Prodi Teknik Sipil (S1);2.03.01;Pelatihan pembuatan proposal Penelitian;Biaya Habis Pakai;Bahan habis pakai;650.1.2.03.01.1.11.11
;11.11;Prodi Teknik Sipil (S1);2.03.01;Pelatihan pembuatan proposal Penelitian;Honor;Honor/Upah;650.1.2.03.01.2.11.11
;11.11;Prodi Teknik Sipil (S1);2.03.01;Pelatihan pembuatan proposal Penelitian;Sewa;Sewa;650.1.2.03.01.3.11.11
;11.11;Prodi Teknik Sipil (S1);2.03.01;Pelatihan pembuatan proposal Penelitian;Outsource;Outsourcing;650.1.2.03.01.4.11.11
;11.11;Prodi Teknik Sipil (S1);2.03.01;Pelatihan pembuatan proposal Penelitian;Overhead;Overhead;650.1.2.03.01.5.11.11
;11.11;Prodi Teknik Sipil (S1);2.03.10;Pelatihan jurnal ilmiah sesuai saintech bagi dosen;Biaya Habis Pakai;Bahan habis pakai;650.1.2.03.10.1.11.11
;11.11;Prodi Teknik Sipil (S1);2.03.10;Pelatihan jurnal ilmiah sesuai saintech bagi dosen;Honor;Honor/Upah;650.1.2.03.10.2.11.11
;11.11;Prodi Teknik Sipil (S1);2.03.10;Pelatihan jurnal ilmiah sesuai saintech bagi dosen;Sewa;Sewa;650.1.2.03.10.3.11.11
;11.11;Prodi Teknik Sipil (S1);2.03.10;Pelatihan jurnal ilmiah sesuai saintech bagi dosen;Outsource;Outsourcing;650.1.2.03.10.4.11.11
;11.11;Prodi Teknik Sipil (S1);2.03.10;Pelatihan jurnal ilmiah sesuai saintech bagi dosen;Overhead;Overhead;650.1.2.03.10.5.11.11
;11.11;Prodi Teknik Sipil (S1);2.04.01;Seminar IPTEK regulair;Biaya Habis Pakai;Bahan habis pakai;650.1.2.04.01.1.11.11
;11.11;Prodi Teknik Sipil (S1);2.04.01;Seminar IPTEK regulair;Honor;Honor/Upah;650.1.2.04.01.2.11.11
;11.11;Prodi Teknik Sipil (S1);2.04.01;Seminar IPTEK regulair;Sewa;Sewa;650.1.2.04.01.3.11.11
;11.11;Prodi Teknik Sipil (S1);2.04.01;Seminar IPTEK regulair;Outsource;Outsourcing;650.1.2.04.01.4.11.11
;11.11;Prodi Teknik Sipil (S1);2.04.01;Seminar IPTEK regulair;Overhead;Overhead;650.1.2.04.01.5.11.11
;11.11;Prodi Teknik Sipil (S1);2.05.02;Presentasi seminar ilmiah dosen;Biaya Habis Pakai;Bahan habis pakai;650.1.2.05.02.1.11.11
;11.11;Prodi Teknik Sipil (S1);2.05.02;Presentasi seminar ilmiah dosen;Honor;Honor/Upah;650.1.2.05.02.2.11.11
;11.11;Prodi Teknik Sipil (S1);2.05.02;Presentasi seminar ilmiah dosen;Sewa;Sewa;650.1.2.05.02.3.11.11
;11.11;Prodi Teknik Sipil (S1);2.05.02;Presentasi seminar ilmiah dosen;Outsource;Outsourcing;650.1.2.05.02.4.11.11
;11.11;Prodi Teknik Sipil (S1);2.05.02;Presentasi seminar ilmiah dosen;Overhead;Overhead;650.1.2.05.02.5.11.11
;11.11;Prodi Teknik Sipil (S1);2.04.03;Seminar dan workshop nasional;Biaya Habis Pakai;Bahan habis pakai;650.1.2.04.03.1.11.11
;11.11;Prodi Teknik Sipil (S1);2.04.03;Seminar dan workshop nasional;Honor;Honor/Upah;650.1.2.04.03.2.11.11
;11.11;Prodi Teknik Sipil (S1);2.04.03;Seminar dan workshop nasional;Sewa;Sewa;650.1.2.04.03.3.11.11
;11.11;Prodi Teknik Sipil (S1);2.04.03;Seminar dan workshop nasional;Outsource;Outsourcing;650.1.2.04.03.4.11.11
;11.11;Prodi Teknik Sipil (S1);2.04.03;Seminar dan workshop nasional;Overhead;Overhead;650.1.2.04.03.5.11.11
;11.11;Prodi Teknik Sipil (S1);2.05.01;Stimulan penelitian bagi dosen;Biaya Habis Pakai;Bahan habis pakai;650.1.2.05.01.1.11.11
;11.11;Prodi Teknik Sipil (S1);2.05.01;Stimulan penelitian bagi dosen;Honor;Honor/Upah;650.1.2.05.01.2.11.11
;11.11;Prodi Teknik Sipil (S1);2.05.01;Stimulan penelitian bagi dosen;Sewa;Sewa;650.1.2.05.01.3.11.11
;11.11;Prodi Teknik Sipil (S1);2.05.01;Stimulan penelitian bagi dosen;Outsource;Outsourcing;650.1.2.05.01.4.11.11
;11.11;Prodi Teknik Sipil (S1);2.05.01;Stimulan penelitian bagi dosen;Overhead;Overhead;650.1.2.05.01.5.11.11
;11.11;Prodi Teknik Sipil (S1);3.01.01;Penyusunan panduan penelitian, pengabdian & kewirausahaan;Biaya Habis Pakai;Bahan habis pakai;650.1.3.01.01.1.11.11
;11.11;Prodi Teknik Sipil (S1);3.01.01;Penyusunan panduan penelitian, pengabdian & kewirausahaan;Honor;Honor/Upah;650.1.3.01.01.2.11.11
;11.11;Prodi Teknik Sipil (S1);3.01.01;Penyusunan panduan penelitian, pengabdian & kewirausahaan;Sewa;Sewa;650.1.3.01.01.3.11.11
;11.11;Prodi Teknik Sipil (S1);3.01.01;Penyusunan panduan penelitian, pengabdian & kewirausahaan;Outsource;Outsourcing;650.1.3.01.01.4.11.11
;11.11;Prodi Teknik Sipil (S1);3.01.01;Penyusunan panduan penelitian, pengabdian & kewirausahaan;Overhead;Overhead;650.1.3.01.01.5.11.11
;11.11;Prodi Teknik Sipil (S1);3.01.02;Penyusunan peraturan & silabi pelatihan bagi masyarakat;Biaya Habis Pakai;Bahan habis pakai;650.1.3.01.02.1.11.11
;11.11;Prodi Teknik Sipil (S1);3.01.02;Penyusunan peraturan & silabi pelatihan bagi masyarakat;Honor;Honor/Upah;650.1.3.01.02.2.11.11
;11.11;Prodi Teknik Sipil (S1);3.01.02;Penyusunan peraturan & silabi pelatihan bagi masyarakat;Sewa;Sewa;650.1.3.01.02.3.11.11
;11.11;Prodi Teknik Sipil (S1);3.01.02;Penyusunan peraturan & silabi pelatihan bagi masyarakat;Outsource;Outsourcing;650.1.3.01.02.4.11.11
;11.11;Prodi Teknik Sipil (S1);3.01.02;Penyusunan peraturan & silabi pelatihan bagi masyarakat;Overhead;Overhead;650.1.3.01.02.5.11.11
;11.11;Prodi Teknik Sipil (S1);3.02.01;Pelatihan pemuatan proposal pengabdian masyarakat;Biaya Habis Pakai;Bahan habis pakai;650.1.3.02.01.1.11.11
;11.11;Prodi Teknik Sipil (S1);3.02.01;Pelatihan pemuatan proposal pengabdian masyarakat;Honor;Honor/Upah;650.1.3.02.01.2.11.11
;11.11;Prodi Teknik Sipil (S1);3.02.01;Pelatihan pemuatan proposal pengabdian masyarakat;Sewa;Sewa;650.1.3.02.01.3.11.11
;11.11;Prodi Teknik Sipil (S1);3.02.01;Pelatihan pemuatan proposal pengabdian masyarakat;Outsource;Outsourcing;650.1.3.02.01.4.11.11
;11.11;Prodi Teknik Sipil (S1);3.02.01;Pelatihan pemuatan proposal pengabdian masyarakat;Overhead;Overhead;650.1.3.02.01.5.11.11
;11.11;Prodi Teknik Sipil (S1);3.03.01;Pelatihan penulisan karya ilmiah bagi mhs;Biaya Habis Pakai;Bahan habis pakai;650.1.3.03.01.1.11.11
;11.11;Prodi Teknik Sipil (S1);3.03.01;Pelatihan penulisan karya ilmiah bagi mhs;Honor;Honor/Upah;650.1.3.03.01.2.11.11
;11.11;Prodi Teknik Sipil (S1);3.03.01;Pelatihan penulisan karya ilmiah bagi mhs;Sewa;Sewa;650.1.3.03.01.3.11.11
;11.11;Prodi Teknik Sipil (S1);3.03.01;Pelatihan penulisan karya ilmiah bagi mhs;Outsource;Outsourcing;650.1.3.03.01.4.11.11
;11.11;Prodi Teknik Sipil (S1);3.03.01;Pelatihan penulisan karya ilmiah bagi mhs;Overhead;Overhead;650.1.3.03.01.5.11.11
;11.11;Prodi Teknik Sipil (S1);3.03.02;Pelatiahan kewirausahaan mhs;Biaya Habis Pakai;Bahan habis pakai;650.1.3.03.02.1.11.11
;11.11;Prodi Teknik Sipil (S1);3.03.02;Pelatiahan kewirausahaan mhs;Honor;Honor/Upah;650.1.3.03.02.2.11.11
;11.11;Prodi Teknik Sipil (S1);3.03.02;Pelatiahan kewirausahaan mhs;Sewa;Sewa;650.1.3.03.02.3.11.11
;11.11;Prodi Teknik Sipil (S1);3.03.02;Pelatiahan kewirausahaan mhs;Outsource;Outsourcing;650.1.3.03.02.4.11.11
;11.11;Prodi Teknik Sipil (S1);3.03.02;Pelatiahan kewirausahaan mhs;Overhead;Overhead;650.1.3.03.02.5.11.11
;11.11;Prodi Teknik Sipil (S1);3.04.01;Pelatiahan kewirausahaan pemuda karang taruna;Biaya Habis Pakai;Bahan habis pakai;650.1.3.04.01.1.11.11
;11.11;Prodi Teknik Sipil (S1);3.04.01;Pelatiahan kewirausahaan pemuda karang taruna;Honor;Honor/Upah;650.1.3.04.01.2.11.11
;11.11;Prodi Teknik Sipil (S1);3.04.01;Pelatiahan kewirausahaan pemuda karang taruna;Sewa;Sewa;650.1.3.04.01.3.11.11
;11.11;Prodi Teknik Sipil (S1);3.04.01;Pelatiahan kewirausahaan pemuda karang taruna;Outsource;Outsourcing;650.1.3.04.01.4.11.11
;11.11;Prodi Teknik Sipil (S1);3.04.01;Pelatiahan kewirausahaan pemuda karang taruna;Overhead;Overhead;650.1.3.04.01.5.11.11
;11.11;Prodi Teknik Sipil (S1);3.04.02;Pelatiahan kewirausahaan remaja putus sekolah;Biaya Habis Pakai;Bahan habis pakai;650.1.3.04.02.1.11.11
;11.11;Prodi Teknik Sipil (S1);3.04.02;Pelatiahan kewirausahaan remaja putus sekolah;Honor;Honor/Upah;650.1.3.04.02.2.11.11
;11.11;Prodi Teknik Sipil (S1);3.04.02;Pelatiahan kewirausahaan remaja putus sekolah;Sewa;Sewa;650.1.3.04.02.3.11.11
;11.11;Prodi Teknik Sipil (S1);3.04.02;Pelatiahan kewirausahaan remaja putus sekolah;Outsource;Outsourcing;650.1.3.04.02.4.11.11
;11.11;Prodi Teknik Sipil (S1);3.04.02;Pelatiahan kewirausahaan remaja putus sekolah;Overhead;Overhead;650.1.3.04.02.5.11.11
;11.11;Prodi Teknik Sipil (S1);3.05.01;Kegiatan pengabdian masyarakat;Biaya Habis Pakai;Bahan habis pakai;650.1.3.05.01.1.11.11
;11.11;Prodi Teknik Sipil (S1);3.05.01;Kegiatan pengabdian masyarakat;Honor;Honor/Upah;650.1.3.05.01.2.11.11
;11.11;Prodi Teknik Sipil (S1);3.05.01;Kegiatan pengabdian masyarakat;Sewa;Sewa;650.1.3.05.01.3.11.11
;11.11;Prodi Teknik Sipil (S1);3.05.01;Kegiatan pengabdian masyarakat;Outsource;Outsourcing;650.1.3.05.01.4.11.11
;11.11;Prodi Teknik Sipil (S1);3.05.01;Kegiatan pengabdian masyarakat;Overhead;Overhead;650.1.3.05.01.5.11.11
;11.11;Prodi Teknik Sipil (S1);3.05.02;Mengadakan seminar dan lokakarya kewirausahaan;Biaya Habis Pakai;Bahan habis pakai;650.1.3.05.02.1.11.11
;11.11;Prodi Teknik Sipil (S1);3.05.02;Mengadakan seminar dan lokakarya kewirausahaan;Honor;Honor/Upah;650.1.3.05.02.2.11.11
;11.11;Prodi Teknik Sipil (S1);3.05.02;Mengadakan seminar dan lokakarya kewirausahaan;Sewa;Sewa;650.1.3.05.02.3.11.11
;11.11;Prodi Teknik Sipil (S1);3.05.02;Mengadakan seminar dan lokakarya kewirausahaan;Outsource;Outsourcing;650.1.3.05.02.4.11.11
;11.11;Prodi Teknik Sipil (S1);3.05.02;Mengadakan seminar dan lokakarya kewirausahaan;Overhead;Overhead;650.1.3.05.02.5.11.11
;11.11;Prodi Teknik Sipil (S1);3.05.03;Stimulan kewirausahaan;Biaya Habis Pakai;Bahan habis pakai;650.1.3.05.03.1.11.11
;11.11;Prodi Teknik Sipil (S1);3.05.03;Stimulan kewirausahaan;Honor;Honor/Upah;650.1.3.05.03.2.11.11
;11.11;Prodi Teknik Sipil (S1);3.05.03;Stimulan kewirausahaan;Sewa;Sewa;650.1.3.05.03.3.11.11
;11.11;Prodi Teknik Sipil (S1);3.05.03;Stimulan kewirausahaan;Outsource;Outsourcing;650.1.3.05.03.4.11.11
;11.11;Prodi Teknik Sipil (S1);3.05.03;Stimulan kewirausahaan;Overhead;Overhead;650.1.3.05.03.5.11.11
;11.11;Prodi Teknik Sipil (S1);3.05.04;Pengabdian institut/fakultas/prodi;Biaya Habis Pakai;Bahan habis pakai;650.1.3.05.04.1.11.11
;11.11;Prodi Teknik Sipil (S1);3.05.04;Pengabdian institut/fakultas/prodi;Honor;Honor/Upah;650.1.3.05.04.2.11.11
;11.11;Prodi Teknik Sipil (S1);3.05.04;Pengabdian institut/fakultas/prodi;Sewa;Sewa;650.1.3.05.04.3.11.11
;11.11;Prodi Teknik Sipil (S1);3.05.04;Pengabdian institut/fakultas/prodi;Outsource;Outsourcing;650.1.3.05.04.4.11.11
;11.11;Prodi Teknik Sipil (S1);3.05.04;Pengabdian institut/fakultas/prodi;Overhead;Overhead;650.1.3.05.04.5.11.11
;11.11;Prodi Teknik Sipil (S1);4.01.01;Membangun & mengembangkan jejaring ke pemerintah, swasta dll;Biaya Habis Pakai;Bahan habis pakai;650.1.4.01.01.1.11.11
;11.11;Prodi Teknik Sipil (S1);4.01.01;Membangun & mengembangkan jejaring ke pemerintah, swasta dll;Honor;Honor/Upah;650.1.4.01.01.2.11.11
;11.11;Prodi Teknik Sipil (S1);4.01.01;Membangun & mengembangkan jejaring ke pemerintah, swasta dll;Sewa;Sewa;650.1.4.01.01.3.11.11
;11.11;Prodi Teknik Sipil (S1);4.01.01;Membangun & mengembangkan jejaring ke pemerintah, swasta dll;Outsource;Outsourcing;650.1.4.01.01.4.11.11
;11.11;Prodi Teknik Sipil (S1);4.01.01;Membangun & mengembangkan jejaring ke pemerintah, swasta dll;Overhead;Overhead;650.1.4.01.01.5.11.11
;11.11;Prodi Teknik Sipil (S1);4.01.02;Pelaksanaan MOU;Biaya Habis Pakai;Bahan habis pakai;650.1.4.01.02.1.11.11
;11.11;Prodi Teknik Sipil (S1);4.01.02;Pelaksanaan MOU;Honor;Honor/Upah;650.1.4.01.02.2.11.11
;11.11;Prodi Teknik Sipil (S1);4.01.02;Pelaksanaan MOU;Sewa;Sewa;650.1.4.01.02.3.11.11
;11.11;Prodi Teknik Sipil (S1);4.01.02;Pelaksanaan MOU;Outsource;Outsourcing;650.1.4.01.02.4.11.11
;11.11;Prodi Teknik Sipil (S1);4.01.02;Pelaksanaan MOU;Overhead;Overhead;650.1.4.01.02.5.11.11
;11.11;Prodi Teknik Sipil (S1);4.01.03;Carrier Center;Biaya Habis Pakai;Bahan habis pakai;650.1.4.01.03.1.11.11
;11.11;Prodi Teknik Sipil (S1);4.01.03;Carrier Center;Honor;Honor/Upah;650.1.4.01.03.2.11.11
;11.11;Prodi Teknik Sipil (S1);4.01.03;Carrier Center;Sewa;Sewa;650.1.4.01.03.3.11.11
;11.11;Prodi Teknik Sipil (S1);4.01.03;Carrier Center;Outsource;Outsourcing;650.1.4.01.03.4.11.11
;11.11;Prodi Teknik Sipil (S1);4.01.03;Carrier Center;Overhead;Overhead;650.1.4.01.03.5.11.11
;11.11;Prodi Teknik Sipil (S1);5.01.01;Penerbitan jurnal scientech;Biaya Habis Pakai;Bahan habis pakai;650.1.5.01.01.1.11.11
;11.11;Prodi Teknik Sipil (S1);5.01.01;Penerbitan jurnal scientech;Honor;Honor/Upah;650.1.5.01.01.2.11.11
;11.11;Prodi Teknik Sipil (S1);5.01.01;Penerbitan jurnal scientech;Sewa;Sewa;650.1.5.01.01.3.11.11
;11.11;Prodi Teknik Sipil (S1);5.01.01;Penerbitan jurnal scientech;Outsource;Outsourcing;650.1.5.01.01.4.11.11
;11.11;Prodi Teknik Sipil (S1);5.01.01;Penerbitan jurnal scientech;Overhead;Overhead;650.1.5.01.01.5.11.11
;11.11;Prodi Teknik Sipil (S1);5.01.02;Penerbitan karya pengabdian;Biaya Habis Pakai;Bahan habis pakai;650.1.5.01.02.1.11.11
;11.11;Prodi Teknik Sipil (S1);5.01.02;Penerbitan karya pengabdian;Honor;Honor/Upah;650.1.5.01.02.2.11.11
;11.11;Prodi Teknik Sipil (S1);5.01.02;Penerbitan karya pengabdian;Sewa;Sewa;650.1.5.01.02.3.11.11
;11.11;Prodi Teknik Sipil (S1);5.01.02;Penerbitan karya pengabdian;Outsource;Outsourcing;650.1.5.01.02.4.11.11
;11.11;Prodi Teknik Sipil (S1);5.01.02;Penerbitan karya pengabdian;Overhead;Overhead;650.1.5.01.02.5.11.11
;11.11;Prodi Teknik Sipil (S1);5.01.03;Penerbitan proceeding/ karya unggulan;Biaya Habis Pakai;Bahan habis pakai;650.1.5.01.03.1.11.11
;11.11;Prodi Teknik Sipil (S1);5.01.03;Penerbitan proceeding/ karya unggulan;Honor;Honor/Upah;650.1.5.01.03.2.11.11
;11.11;Prodi Teknik Sipil (S1);5.01.03;Penerbitan proceeding/ karya unggulan;Sewa;Sewa;650.1.5.01.03.3.11.11
;11.11;Prodi Teknik Sipil (S1);5.01.03;Penerbitan proceeding/ karya unggulan;Outsource;Outsourcing;650.1.5.01.03.4.11.11
;11.11;Prodi Teknik Sipil (S1);5.01.03;Penerbitan proceeding/ karya unggulan;Overhead;Overhead;650.1.5.01.03.5.11.11
;11.11;Prodi Teknik Sipil (S1);5.01.04;Proses akreditasi jurnal scientech;Biaya Habis Pakai;Bahan habis pakai;650.1.5.01.04.1.11.11
;11.11;Prodi Teknik Sipil (S1);5.01.04;Proses akreditasi jurnal scientech;Honor;Honor/Upah;650.1.5.01.04.2.11.11
;11.11;Prodi Teknik Sipil (S1);5.01.04;Proses akreditasi jurnal scientech;Sewa;Sewa;650.1.5.01.04.3.11.11
;11.11;Prodi Teknik Sipil (S1);5.01.04;Proses akreditasi jurnal scientech;Outsource;Outsourcing;650.1.5.01.04.4.11.11
;11.11;Prodi Teknik Sipil (S1);5.01.04;Proses akreditasi jurnal scientech;Overhead;Overhead;650.1.5.01.04.5.11.11
;11.11;Prodi Teknik Sipil (S1);5.01.05;Proses portal & web karya ilmih;Biaya Habis Pakai;Bahan habis pakai;650.1.5.01.05.1.11.11
;11.11;Prodi Teknik Sipil (S1);5.01.05;Proses portal & web karya ilmih;Honor;Honor/Upah;650.1.5.01.05.2.11.11
;11.11;Prodi Teknik Sipil (S1);5.01.05;Proses portal & web karya ilmih;Sewa;Sewa;650.1.5.01.05.3.11.11
;11.11;Prodi Teknik Sipil (S1);5.01.05;Proses portal & web karya ilmih;Outsource;Outsourcing;650.1.5.01.05.4.11.11
;11.11;Prodi Teknik Sipil (S1);5.01.05;Proses portal & web karya ilmih;Overhead;Overhead;650.1.5.01.05.5.11.11
;11.11;Prodi Teknik Sipil (S1);5.01.06;Pencetakan company profile;Biaya Habis Pakai;Bahan habis pakai;650.1.5.01.06.1.11.11
;11.11;Prodi Teknik Sipil (S1);5.01.06;Pencetakan company profile;Honor;Honor/Upah;650.1.5.01.06.2.11.11
;11.11;Prodi Teknik Sipil (S1);5.01.06;Pencetakan company profile;Sewa;Sewa;650.1.5.01.06.3.11.11
;11.11;Prodi Teknik Sipil (S1);5.01.06;Pencetakan company profile;Outsource;Outsourcing;650.1.5.01.06.4.11.11
;11.11;Prodi Teknik Sipil (S1);5.01.06;Pencetakan company profile;Overhead;Overhead;650.1.5.01.06.5.11.11
;11.11;Prodi Teknik Sipil (S1);5.01.07;Pameran Iptek open campus;Biaya Habis Pakai;Bahan habis pakai;650.1.5.01.07.1.11.11
;11.11;Prodi Teknik Sipil (S1);5.01.07;Pameran Iptek open campus;Honor;Honor/Upah;650.1.5.01.07.2.11.11
;11.11;Prodi Teknik Sipil (S1);5.01.07;Pameran Iptek open campus;Sewa;Sewa;650.1.5.01.07.3.11.11
;11.11;Prodi Teknik Sipil (S1);5.01.07;Pameran Iptek open campus;Outsource;Outsourcing;650.1.5.01.07.4.11.11
;11.11;Prodi Teknik Sipil (S1);5.01.07;Pameran Iptek open campus;Overhead;Overhead;650.1.5.01.07.5.11.11
;11.11;Prodi Teknik Sipil (S1);5.01.08;Membangun pusat penerbitan ISTN Press;Biaya Habis Pakai;Bahan habis pakai;650.1.5.01.08.1.11.11
;11.11;Prodi Teknik Sipil (S1);5.01.08;Membangun pusat penerbitan ISTN Press;Honor;Honor/Upah;650.1.5.01.08.2.11.11
;11.11;Prodi Teknik Sipil (S1);5.01.08;Membangun pusat penerbitan ISTN Press;Sewa;Sewa;650.1.5.01.08.3.11.11
;11.11;Prodi Teknik Sipil (S1);5.01.08;Membangun pusat penerbitan ISTN Press;Outsource;Outsourcing;650.1.5.01.08.4.11.11
;11.11;Prodi Teknik Sipil (S1);5.01.08;Membangun pusat penerbitan ISTN Press;Overhead;Overhead;650.1.5.01.08.5.11.11
;11.11;Prodi Teknik Sipil (S1);6.01.01;Penyusunan revisi format monevin penelitian & peng.mas;Biaya Habis Pakai;Bahan habis pakai;650.1.6.01.01.1.11.11
;11.11;Prodi Teknik Sipil (S1);6.01.01;Penyusunan revisi format monevin penelitian & peng.mas;Honor;Honor/Upah;650.1.6.01.01.2.11.11
;11.11;Prodi Teknik Sipil (S1);6.01.01;Penyusunan revisi format monevin penelitian & peng.mas;Sewa;Sewa;650.1.6.01.01.3.11.11
;11.11;Prodi Teknik Sipil (S1);6.01.01;Penyusunan revisi format monevin penelitian & peng.mas;Outsource;Outsourcing;650.1.6.01.01.4.11.11
;11.11;Prodi Teknik Sipil (S1);6.01.01;Penyusunan revisi format monevin penelitian & peng.mas;Overhead;Overhead;650.1.6.01.01.5.11.11
;11.11;Prodi Teknik Sipil (S1);6.01.02;Memantau & pembinaan wirausaha hasil pelatihan;Biaya Habis Pakai;Bahan habis pakai;650.1.6.01.02.1.11.11
;11.11;Prodi Teknik Sipil (S1);6.01.02;Memantau & pembinaan wirausaha hasil pelatihan;Honor;Honor/Upah;650.1.6.01.02.2.11.11
;11.11;Prodi Teknik Sipil (S1);6.01.02;Memantau & pembinaan wirausaha hasil pelatihan;Sewa;Sewa;650.1.6.01.02.3.11.11
;11.11;Prodi Teknik Sipil (S1);6.01.02;Memantau & pembinaan wirausaha hasil pelatihan;Outsource;Outsourcing;650.1.6.01.02.4.11.11
;11.11;Prodi Teknik Sipil (S1);6.01.02;Memantau & pembinaan wirausaha hasil pelatihan;Overhead;Overhead;650.1.6.01.02.5.11.11
;11.11;Prodi Teknik Sipil (S1);6.01.03;Monevin penelitian & pengab. Masyarakat;Biaya Habis Pakai;Bahan habis pakai;650.1.6.01.03.1.11.11
;11.11;Prodi Teknik Sipil (S1);6.01.03;Monevin penelitian & pengab. Masyarakat;Honor;Honor/Upah;650.1.6.01.03.2.11.11
;11.11;Prodi Teknik Sipil (S1);6.01.03;Monevin penelitian & pengab. Masyarakat;Sewa;Sewa;650.1.6.01.03.3.11.11
;11.11;Prodi Teknik Sipil (S1);6.01.03;Monevin penelitian & pengab. Masyarakat;Outsource;Outsourcing;650.1.6.01.03.4.11.11
;11.11;Prodi Teknik Sipil (S1);6.01.03;Monevin penelitian & pengab. Masyarakat;Overhead;Overhead;650.1.6.01.03.5.11.11
;11.11;Prodi Teknik Sipil (S1);6.01.04;Pelaporan-pelaporan;Biaya Habis Pakai;Bahan habis pakai;650.1.6.01.04.1.11.11
;11.11;Prodi Teknik Sipil (S1);6.01.04;Pelaporan-pelaporan;Honor;Honor/Upah;650.1.6.01.04.2.11.11
;11.11;Prodi Teknik Sipil (S1);6.01.04;Pelaporan-pelaporan;Sewa;Sewa;650.1.6.01.04.3.11.11
;11.11;Prodi Teknik Sipil (S1);6.01.04;Pelaporan-pelaporan;Outsource;Outsourcing;650.1.6.01.04.4.11.11
;11.11;Prodi Teknik Sipil (S1);6.01.04;Pelaporan-pelaporan;Overhead;Overhead;650.1.6.01.04.5.11.11
;11.11;Prodi Teknik Sipil (S1);7.01.01;Pengiriman proposal;Biaya Habis Pakai;Bahan habis pakai;650.1.7.01.01.1.11.11
;11.11;Prodi Teknik Sipil (S1);7.01.01;Pengiriman proposal;Honor;Honor/Upah;650.1.7.01.01.2.11.11
;11.11;Prodi Teknik Sipil (S1);7.01.01;Pengiriman proposal;Sewa;Sewa;650.1.7.01.01.3.11.11
;11.11;Prodi Teknik Sipil (S1);7.01.01;Pengiriman proposal;Outsource;Outsourcing;650.1.7.01.01.4.11.11
;11.11;Prodi Teknik Sipil (S1);7.01.01;Pengiriman proposal;Overhead;Overhead;650.1.7.01.01.5.11.11
;11.11;Prodi Teknik Sipil (S1);7.01.02;Pembayaran iuran forum;Biaya Habis Pakai;Bahan habis pakai;650.1.7.01.02.1.11.11
;11.11;Prodi Teknik Sipil (S1);7.01.02;Pembayaran iuran forum;Honor;Honor/Upah;650.1.7.01.02.2.11.11
;11.11;Prodi Teknik Sipil (S1);7.01.02;Pembayaran iuran forum;Sewa;Sewa;650.1.7.01.02.3.11.11
;11.11;Prodi Teknik Sipil (S1);7.01.02;Pembayaran iuran forum;Outsource;Outsourcing;650.1.7.01.02.4.11.11
;11.11;Prodi Teknik Sipil (S1);7.01.02;Pembayaran iuran forum;Overhead;Overhead;650.1.7.01.02.5.11.11
;11.11;Prodi Teknik Sipil (S1);7.01.03;Representasi;Biaya Habis Pakai;Bahan habis pakai;650.1.7.01.03.1.11.11
;11.11;Prodi Teknik Sipil (S1);7.01.03;Representasi;Honor;Honor/Upah;650.1.7.01.03.2.11.11
;11.11;Prodi Teknik Sipil (S1);7.01.03;Representasi;Sewa;Sewa;650.1.7.01.03.3.11.11
;11.11;Prodi Teknik Sipil (S1);7.01.03;Representasi;Outsource;Outsourcing;650.1.7.01.03.4.11.11
;11.11;Prodi Teknik Sipil (S1);7.01.03;Representasi;Overhead;Overhead;650.1.7.01.03.5.11.11
